{"money": 99999999999999999999999999977480, "inventory": ["Ghost Die", "Default Die", "Spike Die", "Echo Die", "Chaos Die", "Volt Die", "Echo Die", "Echo Die", "Echo Die", "Echo Die", "Nova Die", "Default Die", "Default Die", "Echo Die", "Echo Die", "Default Die", "Default Die", "Ghost Die", "Nova Die", "Default Die", "Echo Die", "Frost Die", "Default Die", "Spike Die", "Spike Die", "Echo Die", "Spike Die", "Titan Die", "Ghost Die", "Default Die", "Frost Die", "Ghost Die", "Echo Die", "Default Die", "Blaze Die", "Echo Die", "Default Die", "Blaze Die", "Blaze Die", "Titan Die", "Volt Die", "Default Die", "Ghost Die", "Nova Die", "Default Die", "Default Die", "Echo Die", "Spike Die", "Echo Die", "Default Die", "Default Die", "Default Die", "Echo Die", "Ghost Die", "Volt Die", "Default Die", "Default Die", "Ghost Die", "Default Die", "Frost Die", "Frost Die", "Default Die", "Titan Die", "Ghost Die", "Spike Die", "Ghost Die", "Spike Die", "Echo Die", "Spike Die", "Echo Die", "Frost Die", "Nova Die", "Nova Die", "Blaze Die", "Volt Die", "Frost Die", "Frost Die", "Spike Die", "Default Die", "Nova Die", "Titan Die", "Echo Die", "Default Die", "Frost Die", "Blaze Die", "Titan Die", "Echo Die", "Titan Die", "Nova Die", "Nova Die", "Volt Die", "Default Die", "Spike Die", "Frost Die", "Ghost Die", "Ghost Die", "Frost Die", "Blaze Die", "Frost Die", "Nova Die", "Blaze Die", "Echo Die", "Echo Die", "Default Die", "Ghost Die", "Default Die", "Volt Die", "Volt Die", "Echo Die", "Frost Die", "Titan Die", "Ghost Die", "Titan Die", "Default Die", "Default Die", "Default Die", "Titan Die", "Spike Die", "Nova Die", "Volt Die", "Default Die", "Default Die", "Default Die", "Nova Die", "Default Die", "Default Die", "Volt Die", "Frost Die", "Blaze Die", "Ghost Die", "Spike Die", "Default Die", "Ghost Die", "Blaze Die", "Frost Die", "Default Die", "Spike Die", "Default Die", "Titan Die", "Ghost Die", "Spike Die", "Echo Die", "Titan Die", "Echo Die", "Default Die", "Echo Die", "Nova Die", "Echo Die", "Spike Die", "Spike Die", "Default Die", "Default Die", "Blaze Die", "Frost Die", "Default Die", "Yippe Die", "Ghost Die", "Ghost Die", "Spike Die", "Nova Die", "Echo Die", "Echo Die", "Echo Die", "Echo Die", "Spike Die", "Volt Die", "Ghost Die", "Titan Die", "Default Die", "Blaze Die", "Titan Die", "Ghost Die", "Default Die", "Default Die", "Frost Die", "Nova Die", "Nova Die", "Spike Die", "Default Die", "Echo Die", "Frost Die", "Ghost Die", "Ghost Die", "Echo Die", "Echo Die", "Default Die", "Frost Die", "Default Die", "Default Die", "Frost Die", "Spike Die", "Default Die", "Echo Die", "Ghost Die", "Default Die", "Ghost Die", "Echo Die", "Nova Die", "Nova Die", "Echo Die", "Titan Die", "Nova Die", "Titan Die", "Blaze Die", "Ghost Die", "Spike Die", "Ghost Die", "Frost Die", "Default Die", "Echo Die", "Ghost Die", "Ghost Die", "Default Die", "Spike Die", "Frost Die", "Frost Die", "Default Die", "Blaze Die", "Spike Die", "Spike Die", "Yippe Die", "Echo Die", "Ghost Die", "Frost Die", "Volt Die", "Volt Die", "Spike Die", "Ghost Die", "Spike Die"], "dice_slots": ["Yippe Die", null, "Frost Die", "Volt Die"], "slot_count": 4, "upgrades": {"cooldown_time": 5, "luck_bonus": 0}, "unlocked_dice": ["Yippe Die", "Volt Die", "Frost Die"]}